ΥΠΟΥΡΓΕΙΟ ΑΓΡΟΤΙΚΗΣ ΑΝΑΠΤΥΞΗΣ ΚΑΙ ΤΡΟΦΙΜΩΝ;https://diavgeia.gov.gr/f/YAAT
ΥΠΟΥΡΓΕΙΟ ΔΙΚΑΙΟΣΥΝΗΣ;https://diavgeia.gov.gr/f/ministryofjustice
ΥΠΟΥΡΓΕΙΟ ΔΙΟΙΚΗΤΙΚΗΣ ΑΝΑΣΥΓΚΡΟΤΗΣΗΣ;https://diavgeia.gov.gr/f/minadmin
ΥΠΟΥΡΓΕΙΟ ΕΘΝΙΚΗΣ ΑΜΥΝΑΣ;https://diavgeia.gov.gr/f/ypetha
ΥΠΟΥΡΓΕΙΟ ΕΞΩΤΕΡΙΚΩΝ;https://diavgeia.gov.gr/f/mfa
ΥΠΟΥΡΓΕΙΟ ΕΡΓΑΣΙΑΣ, ΚΟΙΝΩΝΙΚΗΣ ΑΣΦΑΛΙΣΗΣ ΚΑΙ ΚΟΙΝΩΝΙΚΗΣ ΑΛΛΗΛΕΓΓΥΗΣ;https://diavgeia.gov.gr/f/min_erkaka
ΥΠΟΥΡΓΕΙΟ ΕΣΩΤΕΡΙΚΩΝ;https://diavgeia.gov.gr/f/ypesneo
ΥΠΟΥΡΓΕΙΟ ΜΕΤΑΝΑΣΤΕΥΤΙΚΗΣ ΠΟΛΙΤΙΚΗΣ;https://diavgeia.gov.gr/f/minmp
ΥΠΟΥΡΓΕΙΟ ΝΑΥΤΙΛΙΑΣ ΚΑΙ ΝΗΣΙΩΤΙΚΗΣ ΠΟΛΙΤΙΚΗΣ;https://diavgeia.gov.gr/f/nautilias_new
ΥΠΟΥΡΓΕΙΟ ΟΙΚΟΝΟΜΙΑΣ ΚΑΙ ΑΝΑΠΤΥΞΗΣ;https://diavgeia.gov.gr/f/mindev
ΥΠΟΥΡΓΕΙΟ ΟΙΚΟΝΟΜΙΚΩΝ;https://diavgeia.gov.gr/f/minfin
ΥΠΟΥΡΓΕΙΟ ΠΑΙΔΕΙΑΣ, ΕΡΕΥΝΑΣ ΚΑΙ ΘΡΗΣΚΕΥΜΑΤΩΝ;https://diavgeia.gov.gr/f/YPET
ΥΠΟΥΡΓΕΙΟ ΠΕΡΙΒΑΛΛΟΝΤΟΣ ΚΑΙ ΕΝΕΡΓΕΙΑΣ;https://diavgeia.gov.gr/f/YPEN
ΥΠΟΥΡΓΕΙΟ ΠΟΛΙΤΙΣΜΟΥ ΚΑΙ ΑΘΛΗΤΙΣΜΟΥ;https://diavgeia.gov.gr/f/YPPOA_NEW
ΥΠΟΥΡΓΕΙΟ ΤΟΥΡΙΣΜΟΥ;https://diavgeia.gov.gr/f/mintourneo
ΥΠΟΥΡΓΕΙΟ ΥΓΕΙΑΣ ΚΑΙ ΚΟΙΝΩΝΙΚΩΝ ΑΣΦΑΛΙΣΕΩΝ;https://diavgeia.gov.gr/f/min_yka
ΥΠΟΥΡΓΕΙΟ ΥΠΟΔΟΜΩΝ ΚΑΙ ΜΕΤΑΦΟΡΩΝ;https://diavgeia.gov.gr/f/ymeneo
ΥΠΟΥΡΓΕΙΟ ΨΗΦΙΑΚΗΣ ΠΟΛΙΤΙΚΗΣ, ΤΗΛΕΠΙΚΟΙΝΩΝΙΩΝ ΚΑΙ ΕΝΗΜΕΡΩΣΗΣ;https://diavgeia.gov.gr/f/mindp
ΔΗΜΟ ΑΡΓΟΥΣ ΟΡΕΣΤΙΚΟΥ;https://diavgeia.gov.gr/f/dimos_orestidos
ΔΗΜΟΣ AΓΙΟΥ ΝΙΚΟΛΑΟΥ;https://diavgeia.gov.gr/f/dimosagn
ΔΗΜΟΣ ΑΒΔΗΡΩΝ;https://diavgeia.gov.gr/f/avdera
ΔΗΜΟΣ ΑΓΑΘΟΝΗΣΙΟΥ;https://diavgeia.gov.gr/f/dimosAgathonisiou
ΔΗΜΟΣ ΑΓΙΑΣ;https://diavgeia.gov.gr/f/dimos_agias
ΔΗΜΟΣ ΑΓΙΑΣ ΒΑΡΒΑΡΑΣ;https://diavgeia.gov.gr/f/dimos_agias_varvaras
ΔΗΜΟΣ ΑΓΙΑΣ ΠΑΡΑΣΚΕΥΗΣ;https://diavgeia.gov.gr/f/agiaparaskevi
ΔΗΜΟΣ ΑΓΙΟΥ ΒΑΣΙΛΕΙΟΥ;https://diavgeia.gov.gr/f/agiosbasileios
ΔΗΜΟΣ ΑΓΙΟΥ ΔΗΜΗΤΡΙΟΥ;https://diavgeia.gov.gr/f/dad
ΔΗΜΟΣ ΑΓΙΟΥ ΕΥΣΤΡΑΤΙΟΥ;https://diavgeia.gov.gr/f/agiosefstratios
ΔΗΜΟΣ ΑΓΙΩΝ ΑΝΑΡΓΥΡΩΝ - ΚΑΜΑΤΕΡΟΥ;https://diavgeia.gov.gr/f/agankam
ΔΗΜΟΣ ΑΓΚΙΣΤΡΙΟΥ;https://diavgeia.gov.gr/f/dimos_agistriou
ΔΗΜΟΣ ΑΓΡΑΦΩΝ;https://diavgeia.gov.gr/f/dimos_agrafon
ΔΗΜΟΣ ΑΓΡΙΝΙΟΥ;https://diavgeia.gov.gr/f/agrinio
ΔΗΜΟΣ ΑΘΗΝΑΙΩΝ;https://diavgeia.gov.gr/f/municipality_of_athens
ΔΗΜΟΣ ΑΙΓΑΛΕΩ;https://diavgeia.gov.gr/f/dimos_egaleo
ΔΗΜΟΣ ΑΙΓΙΑΛΕΙΑΣ;https://diavgeia.gov.gr/f/dimos_aigialeias
ΔΗΜΟΣ ΑΙΓΙΝΑΣ;https://diavgeia.gov.gr/f/aegina
ΔΗΜΟΣ ΑΚΤΙΟΥ - ΒΟΝΙΤΣΑΣ;https://diavgeia.gov.gr/f/dimosaktioyvonitsas
ΔΗΜΟΣ ΑΛΕΞΑΝΔΡΕΙΑΣ;https://diavgeia.gov.gr/f/dimos_alexandrias
ΔΗΜΟΣ ΑΛΕΞΑΝΔΡΟΥΠΟΛΗΣ;https://diavgeia.gov.gr/f/Alexandroupolis
ΔΗΜΟΣ ΑΛΙΑΡΤΟΥ;https://diavgeia.gov.gr/f/DIMOSALIARTOY
ΔΗΜΟΣ ΑΛΙΜΟΥ;https://diavgeia.gov.gr/f/dimos_alimou
ΔΗΜΟΣ ΑΛΜΥΡΟΥ;https://diavgeia.gov.gr/f/dimosalmyrou
ΔΗΜΟΣ ΑΛΜΩΠΙΑΣ;https://diavgeia.gov.gr/f/dimosalmopias
ΔΗΜΟΣ ΑΛΟΝΝΗΣΟΥ;https://diavgeia.gov.gr/f/dimosalonissou
ΔΗΜΟΣ ΑΜΑΡΙΟΥ;https://diavgeia.gov.gr/f/dimos_amariou
ΔΗΜΟΣ ΑΜΑΡΟΥΣΙΟΥ;https://diavgeia.gov.gr/f/dimos_amaroussiou
ΔΗΜΟΣ ΑΜΟΡΓΟΥ;https://diavgeia.gov.gr/f/dimosamorgou
ΔΗΜΟΣ ΑΜΠΕΛΟΚΗΠΩΝ - ΜΕΝΕΜΕΝΗΣ;https://diavgeia.gov.gr/f/ampelokipi-menemeni
ΔΗΜΟΣ ΑΜΥΝΤΑΙΟΥ;https://diavgeia.gov.gr/f/amyntaio
ΔΗΜΟΣ ΑΜΦΙΚΛΕΙΑΣ - ΕΛΑΤΕΙΑΣ;https://diavgeia.gov.gr/f/amfikleia_elateia
ΔΗΜΟΣ ΑΜΦΙΛΟΧΙΑΣ;https://diavgeia.gov.gr/f/dimosamfiloxias_ota
ΔΗΜΟΣ ΑΜΦΙΠΟΛΗΣ;https://diavgeia.gov.gr/f/dimosamfipolis
ΔΗΜΟΣ ΑΝΑΤΟΛΙΚΗΣ ΜΑΝΗΣ;https://diavgeia.gov.gr/f/anatoliki_mani
ΔΗΜΟΣ ΑΝΑΦΗΣ;https://diavgeia.gov.gr/f/dimos_anafis
ΔΗΜΟΣ ΑΝΔΡΑΒΙΔΑΣ - ΚΥΛΛΗΝΗΣ;https://diavgeia.gov.gr/f/andravida_killini
ΔΗΜΟΣ ΑΝΔΡΙΤΣΑΙΝΑΣ - ΚΡΕΣΤΕΝΩΝ;https://diavgeia.gov.gr/f/dimosandritsainaskrestenon
ΔΗΜΟΣ ΑΝΔΡΟΥ;https://diavgeia.gov.gr/f/andros
ΔΗΜΟΣ ΑΝΤΙΠΑΡΟΥ;https://diavgeia.gov.gr/f/antiparos
ΔΗΜΟΣ ΑΝΩΓΕΙΩΝ;https://diavgeia.gov.gr/f/dimos_anogeia
ΔΗΜΟΣ ΑΠΟΚΟΡΩΝΟΥ;https://diavgeia.gov.gr/f/dimosapokoronou
ΔΗΜΟΣ ΑΡΓΙΘΕΑΣ;https://diavgeia.gov.gr/f/dimos_argitheas
ΔΗΜΟΣ ΑΡΓΟΥΣ - ΜΥΚΗΝΩΝ;https://diavgeia.gov.gr/f/dimos_argous_mykinon
ΔΗΜΟΣ ΑΡΙΣΤΟΤΕΛΗ;https://diavgeia.gov.gr/f/dimosaristoteli
ΔΗΜΟΣ ΑΡΡΙΑΝΩΝ;https://diavgeia.gov.gr/f/dimosarrianon
ΔΗΜΟΣ ΑΡΤΑΙΩΝ;https://diavgeia.gov.gr/f/dimosartaion
ΔΗΜΟΣ ΑΡΧΑΙΑΣ ΟΛΥΜΠΙΑΣ;https://diavgeia.gov.gr/f/dimos_arxaias_olympias
ΔΗΜΟΣ ΑΡΧΑΝΩΝ - ΑΣΤΕΡΟΥΣΙΩΝ;https://diavgeia.gov.gr/f/dimosarchanonasterousion
ΔΗΜΟΣ ΑΣΠΡΟΠΥΡΓΟΥ;https://diavgeia.gov.gr/f/dimosaspropyrgou
ΔΗΜΟΣ ΑΣΤΥΠΑΛΑΙΑΣ;https://diavgeia.gov.gr/f/dimosastipaleas
ΔΗΜΟΣ ΑΧΑΡΝΩΝ;https://diavgeia.gov.gr/f/dimosacharnon
ΔΗΜΟΣ ΒΑΡΗΣ - ΒΟΥΛΑΣ - ΒΟΥΛΙΑΓΜΕΝΗΣ;https://diavgeia.gov.gr/f/VariVoulaVouliagmeni
ΔΗΜΟΣ ΒΕΛΟΥ - ΒΟΧΑΣ;https://diavgeia.gov.gr/f/velo-voha
ΔΗΜΟΣ ΒΕΡΟΙΑΣ;https://diavgeia.gov.gr/f/beroia
ΔΗΜΟΣ ΒΙΑΝΝΟΥ;https://diavgeia.gov.gr/f/dimos_viannos
ΔΗΜΟΣ ΒΙΣΑΛΤΙΑΣ;https://diavgeia.gov.gr/f/dimos_bisaltias
ΔΗΜΟΣ ΒΟΙΟΥ;https://diavgeia.gov.gr/f/dimosvoiou
ΔΗΜΟΣ ΒΟΛΒΗΣ;https://diavgeia.gov.gr/f/volvis
ΔΗΜΟΣ ΒΟΛΟΥ;https://diavgeia.gov.gr/f/volos
ΔΗΜΟΣ ΒΟΡΕΙΑΣ ΚΥΝΟΥΡΙΑΣ;https://diavgeia.gov.gr/f/dimosboriaskinourias
ΔΗΜΟΣ ΒΟΡΕΙΩΝ ΤΖΟΥΜΕΡΚΩΝ;https://diavgeia.gov.gr/f/dimos_vorion_tzoumerkon
ΔΗΜΟΣ ΒΡΙΛΗΣΣΙΩΝ;https://diavgeia.gov.gr/f/dimosvrilissia
ΔΗΜΟΣ ΒΥΡΩΝΟΣ;https://diavgeia.gov.gr/f/dimosbyrona
ΔΗΜΟΣ ΓΑΛΑΤΣΙΟΥ;https://diavgeia.gov.gr/f/dimosgalatsiou
ΔΗΜΟΣ ΓΑΥΔΟΥ;https://diavgeia.gov.gr/f/gavdou_dimos
ΔΗΜΟΣ ΓΕΩΡΓΙΟΥ ΚΑΡΑΙΣΚΑΚΗ;https://diavgeia.gov.gr/f/dimosgkaraiskakis
ΔΗΜΟΣ ΓΛΥΦΑΔΑΣ;https://diavgeia.gov.gr/f/dhmos_glyfadas
ΔΗΜΟΣ ΓΟΡΤΥΝΑΣ;https://diavgeia.gov.gr/f/odegortynas
ΔΗΜΟΣ ΓΟΡΤΥΝΙΑΣ;https://diavgeia.gov.gr/f/gortynia
ΔΗΜΟΣ ΓΡΕΒΕΝΩΝ;https://diavgeia.gov.gr/f/dimos_grevenon
ΔΗΜΟΣ ΔΑΦΝΗΣ - ΥΜΗΤΤΟΥ;https://diavgeia.gov.gr/f/dafni_ymhttos
ΔΗΜΟΣ ΔΕΛΤΑ;https://diavgeia.gov.gr/f/dimosdelta
ΔΗΜΟΣ ΔΕΛΦΩΝ;https://diavgeia.gov.gr/f/dimosdelfon
ΔΗΜΟΣ ΔΕΣΚΑΤΗΣ;https://diavgeia.gov.gr/f/dimosdeskatis
ΔΗΜΟΣ ΔΙΔΥΜΟΤΕΙΧΟΥ;https://diavgeia.gov.gr/f/dimos_didymoteichou
ΔΗΜΟΣ ΔΙΟΝΥΣΟΥ;https://diavgeia.gov.gr/f/dhmos_dionysou
ΔΗΜΟΣ ΔΙΟΥ - ΟΛΥΜΠΟΥ;https://diavgeia.gov.gr/f/dioy-olympou
ΔΗΜΟΣ ΔΙΡΦΥΩΝ - ΜΕΣΣΑΠΙΩΝ;https://diavgeia.gov.gr/f/dirfionmessapion
ΔΗΜΟΣ ΔΙΣΤΟΜΟΥ-ΑΡΑΧΟΒΑΣ - ΑΝΤΙΚΥΡΑΣ;https://diavgeia.gov.gr/f/Dimos_Distomo_Arahona_Antikyra
ΔΗΜΟΣ ΔΟΜΟΚΟΥ;https://diavgeia.gov.gr/f/domokos
ΔΗΜΟΣ ΔΟΞΑΤΟΥ;https://diavgeia.gov.gr/f/dimosdoxatou
ΔΗΜΟΣ ΔΡΑΜΑΣ;https://diavgeia.gov.gr/f/dimosdramas
ΔΗΜΟΣ ΔΥΤΙΚΗΣ ΑΧΑΙΑΣ;https://diavgeia.gov.gr/f/dimosdymaion
ΔΗΜΟΣ ΔΥΤΙΚΗΣ ΜΑΝΗΣ;https://diavgeia.gov.gr/f/dimos_ditikismanis
ΔΗΜΟΣ ΔΩΔΩΝΗΣ;https://diavgeia.gov.gr/f/dodoni
ΔΗΜΟΣ ΔΩΡΙΔΟΣ;https://diavgeia.gov.gr/f/DHMOSDORIDOS
ΔΗΜΟΣ ΕΔΕΣΣΑΣ;https://diavgeia.gov.gr/f/dhmos_edessas
ΔΗΜΟΣ ΕΛΑΣΣΟΝΑΣ;https://diavgeia.gov.gr/f/delassonas
ΔΗΜΟΣ ΕΛΑΦΟΝΗΣΟΥ;https://diavgeia.gov.gr/f/dimoselafonisou
ΔΗΜΟΣ ΕΛΕΥΣΙΝΑΣ;https://diavgeia.gov.gr/f/dimos_elefsinas
ΔΗΜΟΣ ΕΛΛΗΝΙΚΟΥ - ΑΡΓΥΡΟΥΠΟΛΗΣ;https://diavgeia.gov.gr/f/elliniko-argyroupoli
ΔΗΜΟΣ ΕΜΜΑΝΟΥΗΛ ΠΑΠΠΑ;https://diavgeia.gov.gr/f/empapas
ΔΗΜΟΣ ΕΟΡΔΑΙΑΣ;https://diavgeia.gov.gr/f/dhmoseordaias
ΔΗΜΟΣ ΕΠΙΔΑΥΡΟΥ;https://diavgeia.gov.gr/f/epidavros
ΔΗΜΟΣ ΕΡΕΤΡΙΑΣ;https://diavgeia.gov.gr/f/eretria
ΔΗΜΟΣ ΕΡΜΙΟΝΙΔΑΣ;https://diavgeia.gov.gr/f/ermionidas_dimos
ΔΗΜΟΣ ΕΡΥΜΑΝΘΟΥ;https://diavgeia.gov.gr/f/dimoserymanthou
ΔΗΜΟΣ ΕΥΡΩΤΑ;https://diavgeia.gov.gr/f/eurota
ΔΗΜΟΣ ΖΑΓΟΡΑΣ - ΜΟΥΡΕΣΙΟΥ;https://diavgeia.gov.gr/f/dimoszagoramouresiou
ΔΗΜΟΣ ΖΑΓΟΡΙΟΥ;https://diavgeia.gov.gr/f/dzagoriou
ΔΗΜΟΣ ΖΑΚΥΝΘΟΥ;https://diavgeia.gov.gr/f/dimos_zakynthou
ΔΗΜΟΣ ΖΑΧΑΡΩΣ;https://diavgeia.gov.gr/f/dimoszacharos
ΔΗΜΟΣ ΖΗΡΟΥ;https://diavgeia.gov.gr/f/ziros
ΔΗΜΟΣ ΖΙΤΣΑΣ;https://diavgeia.gov.gr/f/dimoszitsas
ΔΗΜΟΣ ΖΩΓΡΑΦΟΥ;https://diavgeia.gov.gr/f/dzografou
ΔΗΜΟΣ ΗΓΟΥΜΕΝΙΤΣΑΣ;https://diavgeia.gov.gr/f/igoumenitsa
ΔΗΜΟΣ ΗΛΙΔΑΣ;https://diavgeia.gov.gr/f/dimosilidas
ΔΗΜΟΣ ΗΛΙΟΥΠΟΛΗΣ;https://diavgeia.gov.gr/f/ilioupoli
ΔΗΜΟΣ ΗΡΑΚΛΕΙΑΣ;https://diavgeia.gov.gr/f/Dimos_Irakleias
ΔΗΜΟΣ ΗΡΑΚΛΕΙΟΥ;https://diavgeia.gov.gr/f/dhmosiraklioy
ΔΗΜΟΣ ΗΡΑΚΛΕΙΟΥ (ΚΡΗΤΗΣ);https://diavgeia.gov.gr/f/heraklion
ΔΗΜΟΣ ΘΑΣΟΥ;https://diavgeia.gov.gr/f/dimosthassou
ΔΗΜΟΣ ΘΕΡΜΑΙΚΟΥ;https://diavgeia.gov.gr/f/dhmos_thermaikou
ΔΗΜΟΣ ΘΕΡΜΗΣ;https://diavgeia.gov.gr/f/dimosthermis
ΔΗΜΟΣ ΘΕΡΜΟΥ;https://diavgeia.gov.gr/f/dimosthermo
ΔΗΜΟΣ ΘΕΣΣΑΛΟΝΙΚΗΣ;https://diavgeia.gov.gr/f/Municipality_of_Thessaloniki
ΔΗΜΟΣ ΘΗΒΑΙΩΝ;https://diavgeia.gov.gr/f/dimosthivas
ΔΗΜΟΣ ΘΗΡΑΣ;https://diavgeia.gov.gr/f/thira
ΔΗΜΟΣ ΙΑΣΜΟΥ;https://diavgeia.gov.gr/f/iasmos
ΔΗΜΟΣ ΙΕΡΑΠΕΤΡΑΣ;https://diavgeia.gov.gr/f/dimosierapetras
ΔΗΜΟΣ ΙΕΡΑΣ ΠΟΛΗΣ ΜΕΣΟΛΟΓΓΙΟΥ;https://diavgeia.gov.gr/f/dimos_i_p_mesolonghiou
ΔΗΜΟΣ ΙΗΤΩΝ;https://diavgeia.gov.gr/f/dimos_iiton
ΔΗΜΟΣ ΙΘΑΚΗΣ;https://diavgeia.gov.gr/f/dimosithakis
ΔΗΜΟΣ ΙΚΑΡΙΑΣ;https://diavgeia.gov.gr/f/dimos_ikarias
ΔΗΜΟΣ ΙΛΙΟΥ;https://diavgeia.gov.gr/f/dimosiliou
ΔΗΜΟΣ ΙΣΤΙΑΙΑΣ - ΑΙΔΗΨΟΥ;https://diavgeia.gov.gr/f/istiaias-aidipsou
ΔΗΜΟΣ ΙΩΑΝΝΙΤΩΝ;https://diavgeia.gov.gr/f/dimos_ioanniton
ΔΗΜΟΣ ΚΑΒΑΛΑΣ;https://diavgeia.gov.gr/f/dimos_kavalas
ΔΗΜΟΣ ΚΑΙΣΑΡΙΑΝΗΣ;https://diavgeia.gov.gr/f/kessariani
ΔΗΜΟΣ ΚΑΛΑΒΡΥΤΩΝ;https://diavgeia.gov.gr/f/dimoskalavriton
ΔΗΜΟΣ ΚΑΛΑΜΑΡΙΑΣ;https://diavgeia.gov.gr/f/dimoskalamarias
ΔΗΜΟΣ ΚΑΛΑΜΑΤΑΣ;https://diavgeia.gov.gr/f/kalamata
ΔΗΜΟΣ ΚΑΛΑΜΠΑΚΑΣ;https://diavgeia.gov.gr/f/dimoskalampakas
ΔΗΜΟΣ ΚΑΛΛΙΘΕΑΣ;https://diavgeia.gov.gr/f/kallithea
ΔΗΜΟΣ ΚΑΛΥΜΝΙΩΝ;https://diavgeia.gov.gr/f/dimos_kalymniwn
ΔΗΜΟΣ ΚΑΝΤΑΝΟΥ - ΣΕΛΙΝΟΥ;https://diavgeia.gov.gr/f/dkantsel
ΔΗΜΟΣ ΚΑΡΔΙΤΣΑΣ;https://diavgeia.gov.gr/f/dimoskarditsas
ΔΗΜΟΣ ΚΑΡΠΑΘΟΥ;https://diavgeia.gov.gr/f/dimos_karpathou
ΔΗΜΟΣ ΚΑΡΠΕΝΗΣΙΟΥ;https://diavgeia.gov.gr/f/dimoskarpenisiou
ΔΗΜΟΣ ΚΑΡΥΣΤΟΥ;https://diavgeia.gov.gr/f/dimos_karystou
ΔΗΜΟΣ ΚΑΣΟΥ;https://diavgeia.gov.gr/f/dimos_kasou
ΔΗΜΟΣ ΚΑΣΣΑΝΔΡΑΣ;https://diavgeia.gov.gr/f/dimos_kassandras
ΔΗΜΟΣ ΚΑΣΤΟΡΙΑΣ;https://diavgeia.gov.gr/f/dimoskastorias
ΔΗΜΟΣ ΚΑΤΕΡΙΝΗΣ;https://diavgeia.gov.gr/f/katerini
ΔΗΜΟΣ ΚΑΤΩ ΝΕΥΡΟΚΟΠΙΟΥ;https://diavgeia.gov.gr/f/katonevrokopi
ΔΗΜΟΣ ΚΕΑΣ;https://diavgeia.gov.gr/f/keadimos
ΔΗΜΟΣ ΚΕΝΤΡΙΚΩΝ ΤΖΟΥΜΕΡΚΩΝ;https://diavgeia.gov.gr/f/ktzoumerka
ΔΗΜΟΣ ΚΕΡΑΤΣΙΝΙΟΥ - ΔΡΑΠΕΤΣΩΝΑΣ;https://diavgeia.gov.gr/f/dimoskeratsinioudrapetsonas
ΔΗΜΟΣ ΚΕΡΚΥΡΑΣ;https://diavgeia.gov.gr/f/dimos_kerkyras
ΔΗΜΟΣ ΚΕΦΑΛΟΝΙΑΣ;https://diavgeia.gov.gr/f/kefallonia
ΔΗΜΟΣ ΚΗΦΙΣΙΑΣ;https://diavgeia.gov.gr/f/kifissia
ΔΗΜΟΣ ΚΙΛΕΛΕΡ;https://diavgeia.gov.gr/f/kileler
ΔΗΜΟΣ ΚΙΛΚΙΣ;https://diavgeia.gov.gr/f/dhmoskilkis
ΔΗΜΟΣ ΚΙΜΩΛΟΥ;https://diavgeia.gov.gr/f/dimos_kimolou
ΔΗΜΟΣ ΚΙΣΣΑΜΟΥ;https://diavgeia.gov.gr/f/dhmos_kissamou
ΔΗΜΟΣ ΚΟΖΑΝΗΣ;https://diavgeia.gov.gr/f/dimos_kozanis
ΔΗΜΟΣ ΚΟΜΟΤΗΝΗΣ;https://diavgeia.gov.gr/f/dimoskomotinis
ΔΗΜΟΣ ΚΟΝΙΤΣΑΣ;https://diavgeia.gov.gr/f/konitsa
ΔΗΜΟΣ ΚΟΡΔΕΛΙΟΥ - ΕΥΟΣΜΟΥ;https://diavgeia.gov.gr/f/kordelio-evosmos
ΔΗΜΟΣ ΚΟΡΙΝΘΙΩΝ;https://diavgeia.gov.gr/f/dimos_korinthion
ΔΗΜΟΣ ΚΟΡΥΔΑΛΛΟΥ;https://diavgeia.gov.gr/f/MUNICIPALITY_OF_KORYDALLOS
ΔΗΜΟΣ ΚΡΩΠΙΑΣ;https://diavgeia.gov.gr/f/Dimos_Kropias
ΔΗΜΟΣ ΚΥΘΗΡΩΝ;https://diavgeia.gov.gr/f/kythira
ΔΗΜΟΣ ΚΥΘΝΟΥ;https://diavgeia.gov.gr/f/dimos_kythnou
ΔΗΜΟΣ ΚΥΜΗΣ - ΑΛΙΒΕΡΙΟΥ;https://diavgeia.gov.gr/f/dimos_kimis_aliveriou
ΔΗΜΟΣ ΚΩ;https://diavgeia.gov.gr/f/Dimosko
ΔΗΜΟΣ ΛΑΓΚΑΔΑ;https://diavgeia.gov.gr/f/lagadas
ΔΗΜΟΣ ΛΑΜΙΕΩΝ;https://diavgeia.gov.gr/f/dhmos_lamieon
ΔΗΜΟΣ ΛΑΡΙΣΑΙΩΝ;https://diavgeia.gov.gr/f/larissa-dimos
ΔΗΜΟΣ ΛΑΥΡΕΩΤΙΚΗΣ;https://diavgeia.gov.gr/f/lavreotiki
ΔΗΜΟΣ ΛΕΒΑΔΕΩΝ;https://diavgeia.gov.gr/f/livadia
ΔΗΜΟΣ ΛΕΙΨΩΝ;https://diavgeia.gov.gr/f/leipsoi
ΔΗΜΟΣ ΛΕΡΟΥ;https://diavgeia.gov.gr/f/dimoslerou
ΔΗΜΟΣ ΛΕΣΒΟΥ;https://diavgeia.gov.gr/f/dimos_lesvou
ΔΗΜΟΣ ΛΕΥΚΑΔΑΣ;https://diavgeia.gov.gr/f/dimos_lefkadas
ΔΗΜΟΣ ΛΗΜΝΟΥ;https://diavgeia.gov.gr/f/dimos_limnou
ΔΗΜΟΣ ΛΙΜΝΗΣ ΠΛΑΣΤΗΡΑ;https://diavgeia.gov.gr/f/dimoslimnisplastira
ΔΗΜΟΣ ΛΟΚΡΩΝ;https://diavgeia.gov.gr/f/Dimos_Lokron
ΔΗΜΟΣ ΛΟΥΤΡΑΚΙΟΥ - ΠΕΡΑΧΩΡΑΣ - ΑΓΙΩΝ ΘΕΟΔΩΡΩΝ;https://diavgeia.gov.gr/f/dimosl-ath
ΔΗΜΟΣ ΛΥΚΟΒΡΥΣΗΣ - ΠΕΥΚΗΣ;https://diavgeia.gov.gr/f/likovrisipefki
ΔΗΜΟΣ ΜΑΚΡΑΚΩΜΗΣ;https://diavgeia.gov.gr/f/dimosmakrakomis
ΔΗΜΟΣ ΜΑΛΕΒΙΖΙΟΥ;https://diavgeia.gov.gr/f/dimos_maleviziou
ΔΗΜΟΣ ΜΑΝΔΡΑΣ - ΕΙΔΥΛΛΙΑΣ;https://diavgeia.gov.gr/f/mandras-eidyllias
ΔΗΜΟΣ ΜΑΝΤΟΥΔΙΟΥ - ΛΙΜΝΗΣ - ΑΓΙΑΣ ΑΝΝΑΣ;https://diavgeia.gov.gr/f/dimosmantoudi_limni_ag_anna
ΔΗΜΟΣ ΜΑΡΑΘΩΝΟΣ;https://diavgeia.gov.gr/f/marathon
ΔΗΜΟΣ ΜΑΡΚΟΠΟΥΛΟΥ ΜΕΣΟΓΑΙΑΣ;https://diavgeia.gov.gr/f/dimos_markopoulou
ΔΗΜΟΣ ΜΑΡΩΝΕΙΑΣ - ΣΑΠΩΝ;https://diavgeia.gov.gr/f/maroneias_sapon
ΔΗΜΟΣ ΜΕΓΑΛΟΠΟΛΗΣ;https://diavgeia.gov.gr/f/megalopoli
ΔΗΜΟΣ ΜΕΓΑΝΗΣΙΟΥ;https://diavgeia.gov.gr/f/meganisi_dimos
ΔΗΜΟΣ ΜΕΓΑΡΕΩΝ;https://diavgeia.gov.gr/f/megara
ΔΗΜΟΣ ΜΕΓΙΣΤΗΣ;https://diavgeia.gov.gr/f/dimosmegistis
ΔΗΜΟΣ ΜΕΣΣΗΝΗΣ;https://diavgeia.gov.gr/f/dimosmessinis
ΔΗΜΟΣ ΜΕΤΑΜΟΡΦΩΣΗΣ;https://diavgeia.gov.gr/f/metamorfossi
ΔΗΜΟΣ ΜΕΤΣΟΒΟΥ;https://diavgeia.gov.gr/f/dimos_metsovou
ΔΗΜΟΣ ΜΗΛΟΥ;https://diavgeia.gov.gr/f/milos
ΔΗΜΟΣ ΜΙΝΩΑ ΠΕΔΙΑΔΑΣ;https://diavgeia.gov.gr/f/minoapediadas
ΔΗΜΟΣ ΜΟΝΕΜΒΑΣΙΑΣ;https://diavgeia.gov.gr/f/dimos_monemvasias
ΔΗΜΟΣ ΜΟΣΧΑΤΟΥ - ΤΑΥΡΟΥ;https://diavgeia.gov.gr/f/dimosmoschatou-tavrou
ΔΗΜΟΣ ΜΟΥΖΑΚΙΟΥ;https://diavgeia.gov.gr/f/mouzaki
ΔΗΜΟΣ ΜΥΚΗΣ;https://diavgeia.gov.gr/f/dimosmykis
ΔΗΜΟΣ ΜΥΚΟΝΟΥ;https://diavgeia.gov.gr/f/dimosmykonou
ΔΗΜΟΣ ΜΥΛΟΠΟΤΑΜΟΥ;https://diavgeia.gov.gr/f/dimosmylopotamou
ΔΗΜΟΣ ΜΩΛΟΥ - ΑΓ. ΚΩΝΣΤΑΝΤΙΝΟΥ;https://diavgeia.gov.gr/f/dimosmolouagioukonstantinou
ΔΗΜΟΣ ΝΑΞΟΥ & ΜΙΚΡΩΝ ΚΥΚΛΑΔΩΝ;https://diavgeia.gov.gr/f/dimos_naxou_mikron_kykladon
ΔΗΜΟΣ ΝΑΟΥΣΑΣ;https://diavgeia.gov.gr/f/dimos_naoussas
ΔΗΜΟΣ ΝΑΥΠΑΚΤΙΑΣ;https://diavgeia.gov.gr/f/nafpaktia
ΔΗΜΟΣ ΝΑΥΠΛΙΕΩΝ;https://diavgeia.gov.gr/f/nafplio
ΔΗΜΟΣ ΝΕΑΠΟΛΗΣ - ΣΥΚΕΩΝ;https://diavgeia.gov.gr/f/neapoli-sykies
ΔΗΜΟΣ ΝΕΑΣ ΖΙΧΝΗΣ;https://diavgeia.gov.gr/f/dimos_nzixnis
ΔΗΜΟΣ ΝΕΑΣ ΙΩΝΙΑΣ;https://diavgeia.gov.gr/f/neaionia
ΔΗΜΟΣ ΝΕΑΣ ΠΡΟΠΟΝΤΙΔΑΣ;https://diavgeia.gov.gr/f/nea_propontida
ΔΗΜΟΣ ΝΕΑΣ ΣΜΥΡΝΗΣ;https://diavgeia.gov.gr/f/neasmyrni
ΔΗΜΟΣ ΝΕΜΕΑΣ;https://diavgeia.gov.gr/f/dhmosnemeas
ΔΗΜΟΣ ΝΕΣΤΟΡΙΟΥ;https://diavgeia.gov.gr/f/dimos_nestoriou
ΔΗΜΟΣ ΝΕΣΤΟΥ;https://diavgeia.gov.gr/f/nestou
ΔΗΜΟΣ ΝΙΚΑΙΑΣ - ΑΓΙΟΥ Ι. ΡΕΝΤΗ;https://diavgeia.gov.gr/f/nikaia-ag_ioannis_renti
ΔΗΜΟΣ ΝΙΚΟΛΑΟΥ ΣΚΟΥΦΑ;https://diavgeia.gov.gr/f/nskoufas
ΔΗΜΟΣ ΝΙΣΥΡΟΥ;https://diavgeia.gov.gr/f/nisyros
ΔΗΜΟΣ ΝΟΤΙΑΣ ΚΥΝΟΥΡΙΑΣ;https://diavgeia.gov.gr/f/notiakynouria
ΔΗΜΟΣ ΝΟΤΙΟΥ ΠΗΛΙΟΥ;https://diavgeia.gov.gr/f/DIMOS_N_PILIO
ΔΗΜΟΣ ΞΑΝΘΗΣ;https://diavgeia.gov.gr/f/xanthi
ΔΗΜΟΣ ΞΗΡΟΜΕΡΟΥ;https://diavgeia.gov.gr/f/dimosxiromerou
ΔΗΜΟΣ ΞΥΛΟΚΑΣΤΡΟΥ - ΕΥΡΩΣΤΙΝΗΣ;https://diavgeia.gov.gr/f/xylokastro-evrostini
ΔΗΜΟΣ ΟΙΝΟΥΣΣΩΝ;https://diavgeia.gov.gr/f/dimos_oinousson
ΔΗΜΟΣ ΟΙΧΑΛΙΑΣ;https://diavgeia.gov.gr/f/dimosoixalias
ΔΗΜΟΣ ΟΡΕΣΤΙΑΔΑΣ;https://diavgeia.gov.gr/f/dimosorestiadas
ΔΗΜΟΣ ΟΡΟΠΕΔΙΟΥ ΛΑΣΙΘΙΟΥ;https://diavgeia.gov.gr/f/oropediolasithiou
ΔΗΜΟΣ ΟΡΧΟΜΕΝΟΥ;https://diavgeia.gov.gr/f/orchomenos
ΔΗΜΟΣ ΠΑΓΓΑΙΟΥ;https://diavgeia.gov.gr/f/dimospaggaiou
ΔΗΜΟΣ ΠΑΙΑΝΙΑΣ;https://diavgeia.gov.gr/f/paiania
ΔΗΜΟΣ ΠΑΙΟΝΙΑΣ;https://diavgeia.gov.gr/f/DIMOSPAIONIAS
ΔΗΜΟΣ ΠΑΛΑΙΟΥ ΦΑΛΗΡΟΥ;https://diavgeia.gov.gr/f/palaiofaliro
ΔΗΜΟΣ ΠΑΛΑΜΑ;https://diavgeia.gov.gr/f/palamas
ΔΗΜΟΣ ΠΑΛΛΗΝΗΣ;https://diavgeia.gov.gr/f/pallini
ΔΗΜΟΣ ΠΑΞΩΝ;https://diavgeia.gov.gr/f/paxoi
ΔΗΜΟΣ ΠΑΠΑΓΟΥ - ΧΟΛΑΡΓΟΥ;https://diavgeia.gov.gr/f/pap_xol
ΔΗΜΟΣ ΠΑΡΑΝΕΣΤΙΟΥ;https://diavgeia.gov.gr/f/paranesti
ΔΗΜΟΣ ΠΑΡΓΑΣ;https://diavgeia.gov.gr/f/dimos_pargas
ΔΗΜΟΣ ΠΑΡΟΥ;https://diavgeia.gov.gr/f/dimos_parou
ΔΗΜΟΣ ΠΑΤΜΟΥ;https://diavgeia.gov.gr/f/dimospatmou
ΔΗΜΟΣ ΠΑΤΡΕΩΝ;https://diavgeia.gov.gr/f/dimospatras
ΔΗΜΟΣ ΠΑΥΛΟΥ ΜΕΛΑ;https://diavgeia.gov.gr/f/pavlosmelas
ΔΗΜΟΣ ΠΕΙΡΑΙΩΣ;https://diavgeia.gov.gr/f/piraeus
ΔΗΜΟΣ ΠΕΛΛΑΣ;https://diavgeia.gov.gr/f/dimospellas
ΔΗΜΟΣ ΠΕΝΤΕΛΗΣ;https://diavgeia.gov.gr/f/dimos_pentelis
ΔΗΜΟΣ ΠΕΡΑΜΑΤΟΣ;https://diavgeia.gov.gr/f/dimos_peramatos
ΔΗΜΟΣ ΠΕΡΙΣΤΕΡΙΟΥ;https://diavgeia.gov.gr/f/peristeri
ΔΗΜΟΣ ΠΕΤΡΟΥΠΟΛΗΣ;https://diavgeia.gov.gr/f/dimos_petroupoleos
ΔΗΜΟΣ ΠΗΝΕΙΟΥ;https://diavgeia.gov.gr/f/dimospineiou
ΔΗΜΟΣ ΠΛΑΤΑΝΙΑ;https://diavgeia.gov.gr/f/platanias
ΔΗΜΟΣ ΠΟΛΥΓΥΡΟΥ;https://diavgeia.gov.gr/f/dimos_poligirou
ΔΗΜΟΣ ΠΟΡΟΥ;https://diavgeia.gov.gr/f/poros_dimos
ΔΗΜΟΣ ΠΡΕΒΕΖΑΣ;https://diavgeia.gov.gr/f/dimosprevezas
ΔΗΜΟΣ ΠΡΕΣΠΩΝ;https://diavgeia.gov.gr/f/dimosprespon
ΔΗΜΟΣ ΠΡΟΣΟΤΣΑΝΗΣ;https://diavgeia.gov.gr/f/prosotsani
ΔΗΜΟΣ ΠΥΔΝΑΣ - ΚΟΛΙΝΔΡΟΥ;https://diavgeia.gov.gr/f/Pydnaskolindrou
ΔΗΜΟΣ ΠΥΛΑΙΑΣ - ΧΟΡΤΙΑΤΗ;https://diavgeia.gov.gr/f/dimospilaiashortiati
ΔΗΜΟΣ ΠΥΛΗΣ;https://diavgeia.gov.gr/f/dimospylis
ΔΗΜΟΣ ΠΥΛΟΥ - ΝΕΣΤΟΡΟΣ;https://diavgeia.gov.gr/f/pylos-nestoros
ΔΗΜΟΣ ΠΥΡΓΟΥ;https://diavgeia.gov.gr/f/dimos_pyrgou
ΔΗΜΟΣ ΠΩΓΩΝΙΟΥ;https://diavgeia.gov.gr/f/pogoni
ΔΗΜΟΣ ΡΑΦΗΝΑΣ - ΠΙΚΕΡΜΙΟΥ;https://diavgeia.gov.gr/f/rafina_pikermi
ΔΗΜΟΣ ΡΕΘΥΜΝΗΣ;https://diavgeia.gov.gr/f/dhmos_rethymnou
ΔΗΜΟΣ ΡΗΓΑ ΦΕΡΑΙΟΥ;https://diavgeia.gov.gr/f/dhmos_rhga_feraiou
ΔΗΜΟΣ ΡΟΔΟΥ;https://diavgeia.gov.gr/f/dimosrodou
ΔΗΜΟΣ ΣΑΛΑΜΙΝΑΣ;https://diavgeia.gov.gr/f/salamina
ΔΗΜΟΣ ΣΑΜΟΘΡΑΚΗΣ;https://diavgeia.gov.gr/f/samothraki_dimos
ΔΗΜΟΣ ΣΑΜΟΥ;https://diavgeia.gov.gr/f/dimos_samou
ΔΗΜΟΣ ΣΑΡΩΝΙΚΟΥ;https://diavgeia.gov.gr/f/sarwnikos
ΔΗΜΟΣ ΣΕΡΒΙΩΝ - ΒΕΛΒΕΝΤΟΥ;https://diavgeia.gov.gr/f/servionvelventou
ΔΗΜΟΣ ΣΕΡΙΦΟΥ;https://diavgeia.gov.gr/f/dimos_serifou
ΔΗΜΟΣ ΣΕΡΡΩΝ;https://diavgeia.gov.gr/f/dhmos_serron
ΔΗΜΟΣ ΣΗΤΕΙΑΣ;https://diavgeia.gov.gr/f/dimos_sitias
ΔΗΜΟΣ ΣΙΘΩΝΙΑΣ;https://diavgeia.gov.gr/f/dimossithonias
ΔΗΜΟΣ ΣΙΚΙΝΟΥ;https://diavgeia.gov.gr/f/dimos_sikinou
ΔΗΜΟΣ ΣΙΚΥΩΝΙΩΝ;https://diavgeia.gov.gr/f/dimossikyonion
ΔΗΜΟΣ ΣΙΝΤΙΚΗΣ;https://diavgeia.gov.gr/f/sidiki
ΔΗΜΟΣ ΣΙΦΝΟΥ;https://diavgeia.gov.gr/f/dimos_sifnou
ΔΗΜΟΣ ΣΚΙΑΘΟΥ;https://diavgeia.gov.gr/f/dimos_skiathou
ΔΗΜΟΣ ΣΚΟΠΕΛΟΥ;https://diavgeia.gov.gr/f/dimos_skopelou
ΔΗΜΟΣ ΣΚΥΔΡΑΣ;https://diavgeia.gov.gr/f/dimoskydras
ΔΗΜΟΣ ΣΚΥΡΟΥ;https://diavgeia.gov.gr/f/dimosskyrou
ΔΗΜΟΣ ΣΟΥΛΙΟΥ;https://diavgeia.gov.gr/f/dimossouliou
ΔΗΜΟΣ ΣΟΥΦΛΙΟΥ;https://diavgeia.gov.gr/f/dimos_soufliou
ΔΗΜΟΣ ΣΟΦΑΔΩΝ;https://diavgeia.gov.gr/f/sofades
ΔΗΜΟΣ ΣΠΑΡΤΗΣ;https://diavgeia.gov.gr/f/dimosspartis
ΔΗΜΟΣ ΣΠΑΤΩΝ - ΑΡΤΕΜΙΔΟΣ;https://diavgeia.gov.gr/f/spata
ΔΗΜΟΣ ΣΠΕΤΣΩΝ;https://diavgeia.gov.gr/f/dimosspetson
ΔΗΜΟΣ ΣΤΥΛΙΔΑΣ;https://diavgeia.gov.gr/f/dimosstylidas
ΔΗΜΟΣ ΣΥΜΗΣ;https://diavgeia.gov.gr/f/DIMOS_SYMIS
ΔΗΜΟΣ ΣΥΡΟΥ - ΕΡΜΟΥΠΟΛΗΣ;https://diavgeia.gov.gr/f/syros-ermoupolis
ΔΗΜΟΣ ΣΦΑΚΙΩΝ;https://diavgeia.gov.gr/f/sfakia
ΔΗΜΟΣ ΤΑΝΑΓΡΑΣ;https://diavgeia.gov.gr/f/tanagra
ΔΗΜΟΣ ΤΕΜΠΩΝ;https://diavgeia.gov.gr/f/dimostempon
ΔΗΜΟΣ ΤΗΛΟΥ;https://diavgeia.gov.gr/f/dimos_tilos
ΔΗΜΟΣ ΤΗΝΟΥ;https://diavgeia.gov.gr/f/dimostinou
ΔΗΜΟΣ ΤΟΠΕΙΡΟΥ;https://diavgeia.gov.gr/f/topeiros
ΔΗΜΟΣ ΤΡΙΚΚΑΙΩΝ;https://diavgeia.gov.gr/f/dimostrikkaion
ΔΗΜΟΣ ΤΡΙΠΟΛΗΣ;https://diavgeia.gov.gr/f/dimostripolis
ΔΗΜΟΣ ΤΡΙΦΥΛΙΑΣ;https://diavgeia.gov.gr/f/dimos_trifylias
ΔΗΜΟΣ ΤΡΟΙΖΗΝΙΑΣ - ΜΕΘΑΝΩΝ;https://diavgeia.gov.gr/f/dimostrizinias
ΔΗΜΟΣ ΤΥΡΝΑΒΟΥ;https://diavgeia.gov.gr/f/dimostirnavou
ΔΗΜΟΣ ΥΔΡΑΣ;https://diavgeia.gov.gr/f/dimosydras
ΔΗΜΟΣ ΦΑΙΣΤΟΥ;https://diavgeia.gov.gr/f/dimosfestou
ΔΗΜΟΣ ΦΑΡΚΑΔΟΝΑΣ;https://diavgeia.gov.gr/f/dimos_farkadonas
ΔΗΜΟΣ ΦΑΡΣΑΛΩΝ;https://diavgeia.gov.gr/f/dhmosfarsalon
ΔΗΜΟΣ ΦΙΛΑΔΕΛΦΕΙΑΣ - ΧΑΛΚΗΔΟΝΟΣ;https://diavgeia.gov.gr/f/fil-hal
ΔΗΜΟΣ ΦΙΛΙΑΤΩΝ;https://diavgeia.gov.gr/f/dimosfiliaton
ΔΗΜΟΣ ΦΙΛΟΘΕΗΣ - ΨΥΧΙΚΟΥ;https://diavgeia.gov.gr/f/dhmos_filotheis_psychikou
ΔΗΜΟΣ ΦΛΩΡΙΝΑΣ;https://diavgeia.gov.gr/f/dimosflorinas
ΔΗΜΟΣ ΦΟΛΕΓΑΝΔΡΟΥ;https://diavgeia.gov.gr/f/dimos_folegandrou
ΔΗΜΟΣ ΦΟΥΡΝΩΝ ΚΟΡΣΕΩΝ;https://diavgeia.gov.gr/f/fournoikorseon
ΔΗΜΟΣ ΦΥΛΗΣ;https://diavgeia.gov.gr/f/dhmos_fylis
ΔΗΜΟΣ ΧΑΙΔΑΡΙΟΥ;https://diavgeia.gov.gr/f/haidari
ΔΗΜΟΣ ΧΑΛΑΝΔΡΙΟΥ;https://diavgeia.gov.gr/f/dimos_halandriou
ΔΗΜΟΣ ΧΑΛΚΗΔΟΝΟΣ;https://diavgeia.gov.gr/f/dimos-chalkidonos
ΔΗΜΟΣ ΧΑΛΚΗΣ;https://diavgeia.gov.gr/f/dimoschalkis
ΔΗΜΟΣ ΧΑΛΚΙΔΕΩΝ;https://diavgeia.gov.gr/f/xalkida
ΔΗΜΟΣ ΧΑΝΙΩΝ;https://diavgeia.gov.gr/f/chania
ΔΗΜΟΣ ΧΕΡΣΟΝΗΣΟΥ;https://diavgeia.gov.gr/f/dimos_hersonisou
ΔΗΜΟΣ ΧΙΟΥ;https://diavgeia.gov.gr/f/chios_municipality
ΔΗΜΟΣ ΨΑΡΩΝ;https://diavgeia.gov.gr/f/dimos_psaron
ΔΗΜΟΣ ΩΡΑΙΟΚΑΣΤΡΟΥ;https://diavgeia.gov.gr/f/dimos_oraiokastrou
ΔΗΜΟΣ ΩΡΩΠΟΥ;https://diavgeia.gov.gr/f/oropos
ΠΕΡΙΦΕΡΕΙΑ ΑΝΑΤΟΛΙΚΗΣ ΜΑΚΕΔΟΝΙΑΣ - ΘΡΑΚΗΣ;https://diavgeia.gov.gr/f/pamth
ΠΕΡΙΦΕΡΕΙΑ ΑΤΤΙΚΗΣ;https://diavgeia.gov.gr/f/perifereia_attikis
ΠΕΡΙΦΕΡΕΙΑ ΒΟΡΕΙΟΥ ΑΙΓΑΙΟΥ;https://diavgeia.gov.gr/f/pvaigaiou
ΠΕΡΙΦΕΡΕΙΑ ΔΥΤΙΚΗΣ ΕΛΛΑΔΑΣ;https://diavgeia.gov.gr/f/pde
ΠΕΡΙΦΕΡΕΙΑ ΔΥΤΙΚΗΣ ΜΑΚΕΔΟΝΙΑΣ;https://diavgeia.gov.gr/f/pdm
ΠΕΡΙΦΕΡΕΙΑ ΗΠΕΙΡΟΥ;https://diavgeia.gov.gr/f/php
ΠΕΡΙΦΕΡΕΙΑ ΘΕΣΣΑΛΙΑΣ;https://diavgeia.gov.gr/f/pthessalias
ΠΕΡΙΦΕΡΕΙΑ ΙΟΝΙΩΝ ΝΗΣΩΝ;https://diavgeia.gov.gr/f/pin
ΠΕΡΙΦΕΡΕΙΑ ΚΕΝΤΡΙΚΗΣ ΜΑΚΕΔΟΝΙΑΣ;https://diavgeia.gov.gr/f/pkm
ΠΕΡΙΦΕΡΕΙΑ ΚΡΗΤΗΣ;https://diavgeia.gov.gr/f/perifereia_kritis
ΠΕΡΙΦΕΡΕΙΑ ΝΟΤΙΟΥ ΑΙΓΑΙΟΥ;https://diavgeia.gov.gr/f/pnai
ΠΕΡΙΦΕΡΕΙΑ ΠΕΛΟΠΟΝΝΗΣΟΥ;https://diavgeia.gov.gr/f/perifereiapeloponnisou
ΠΕΡΙΦΕΡΕΙΑ ΣΤΕΡΕΑΣ ΕΛΛΑΔΑΣ;https://diavgeia.gov.gr/f/pste
ΑΠΟΚΕΝΤΡΩΜΕΝΗ ΔΙΟΙΚΗΣΗ ΑΙΓΑΙΟΥ;https://diavgeia.gov.gr/f/apdik_aigaiou
ΑΠΟΚΕΝΤΡΩΜΕΝΗ ΔΙΟΙΚΗΣΗ ΑΤΤΙΚΗΣ;https://diavgeia.gov.gr/f/apdik_attikis
ΑΠΟΚΕΝΤΡΩΜΕΝΗ ΔΙΟΙΚΗΣΗ ΗΠΕΙΡΟΥ - ΔΥΤΙΚΗΣ ΜΑΚΕΔΟΝΙΑΣ;https://diavgeia.gov.gr/f/apdik_dmaked
ΑΠΟΚΕΝΤΡΩΜΕΝΗ ΔΙΟΙΚΗΣΗ ΘΕΣΣΑΛΙΑΣ - ΣΤΕΡΕΑΣ ΕΛΛΑΔΑΣ;https://diavgeia.gov.gr/f/apdthest
ΑΠΟΚΕΝΤΡΩΜΕΝΗ ΔΙΟΙΚΗΣΗ ΚΡΗΤΗΣ;https://diavgeia.gov.gr/f/apdik_krhths
ΑΠΟΚΕΝΤΡΩΜΕΝΗ ΔΙΟΙΚΗΣΗ ΜΑΚΕΔΟΝΙΑΣ – ΘΡΑΚΗΣ;https://diavgeia.gov.gr/f/admt
ΑΠΟΚΕΝΤΡΩΜΕΝΗ ΔΙΟΙΚΗΣΗ ΠΕΛΟΠΟΝΝΗΣΟΥ, ΔΥΤΙΚΗΣ ΕΛΛΑΔΑΣ ΚΑΙ ΙΟΝΙΟΥ;https://diavgeia.gov.gr/f/apdik_delponisou_delladas_ioniou
ΑΝΩΤΑΤΟ ΣΥΜΒΟΥΛΙΟ ΕΠΙΛΟΓΗΣ ΠΡΟΣΩΠΙΚΟΥ (ΑΣΕΠ);https://diavgeia.gov.gr/f/asep
ΑΡΧΗ ΔΙΑΣΦΑΛΙΣΗΣ ΤΗΣ ΠΟΙΟΤΗΤΑΣ ΣΤΗΝ ΑΝΩΤΑΤΗ ΕΚΠΑΙΔΕΥΣΗ (ΑΔΙΠ);https://diavgeia.gov.gr/f/adip
ΑΡΧΗ ΔΙΑΣΦΑΛΙΣΗΣ ΤΟΥ ΑΠΟΡΡΗΤΟΥ ΤΩΝ ΕΠΙΚΟΙΝΩΝΙΩΝ (ΑΔΑΕ) (ΣΥΝΤΑΓΜΑΤΙΚΑ ΚΑΤΟΧΥΡΩΜΕΝΗ);https://diavgeia.gov.gr/f/adae
ΑΡΧΗ ΠΡΟΣΤΑΣΙΑΣ ΔΕΔΟΜΕΝΩΝ ΠΡΟΣΩΠΙΚΟΥ ΧΑΡΑΚΤΗΡΑ;https://diavgeia.gov.gr/f/arxi_prostasias_dedomenwn
ΕΘΝΙΚΗ ΑΝΑΛΟΓΙΣΤΙΚΗ ΑΡΧΗ;https://diavgeia.gov.gr/f/EAA
ΕΘΝΙΚΗ ΑΡΧΗ ΙΑΤΡΙΚΩΣ ΥΠΟΒΟΗΘΟΥΜΕΝΗΣ ΑΝΑΠΑΡΑΓΩΓΗΣ;https://diavgeia.gov.gr/f/ea_iya
ΕΘΝΙΚΗ ΑΡΧΗ ΚΑΤΑΠΟΛΕΜΗΣΗΣ ΤΗΣ ΝΟΜΙΜΟΠΟΙΗΣΗΣ ΕΣΟΔΩΝ ΑΠΟ ΕΓΚΛΗΜΑΤΙΚΕΣ ΔΡΑΣΤΗΡΙΟΤΗΤΕΣ;https://diavgeia.gov.gr/f/ea_kneaed
ΕΘΝΙΚΗ ΕΠΙΤΡΟΠΗ ΤΗΛΕΠΙΚΟΙΝΩΝΙΩΝ & ΤΑΧΥΔΡΟΜΕΙΩΝ (ΕΕΤΤ);https://diavgeia.gov.gr/f/eett
ΕΘΝΙΚΟ ΣΥΜΒΟΥΛΙΟ ΔΗΜΟΣΙΑΣ ΥΓΕΙΑΣ (ΕΣΥΔΥ);https://diavgeia.gov.gr/f/ea_esydy
ΕΘΝΙΚΟ ΣΥΜΒΟΥΛΙΟ ΡΑΔΙΟΤΗΛΕΟΡΑΣΗΣ (ΕΣΡ);https://diavgeia.gov.gr/f/esr
ΕΛΛΗΝΙΚΗ ΣΤΑΤΙΣΤΙΚΗ ΑΡΧΗ (ΕΛ.ΣΤΑΤ.);https://diavgeia.gov.gr/f/elstat
ΕΛΛΗΝΙΚΟ ΔΗΜΟΣΙΟΝΟΜΙΚΟ ΣΥΜΒΟΥΛΙΟ;https://diavgeia.gov.gr/f/HFISC
ΕΝΙΑΙΑ ΑΝΕΞΑΡΤΗΤΗ ΑΡΧΗ ΔΗΜΟΣΙΩΝ ΣΥΜΒΑΣΕΩΝ (ΕΑΑΔΗΣΥ);https://diavgeia.gov.gr/f/eaadhsy
ΕΠΙΤΡΟΠΗ ΑΝΤΑΓΩΝΙΣΜΟΥ;https://diavgeia.gov.gr/f/epant
ΕΠΙΤΡΟΠΗ ΕΠΟΠΤΕΙΑΣ ΚΑΙ ΕΛΕΓΧΟΥ ΠΑΙΓΝΙΩΝ (Ε.Ε.Ε.Π.);https://diavgeia.gov.gr/f/eeep
ΡΥΘΜΙΣΤΙΚΗ ΑΡΧΗ ΕΝΕΡΓΕΙΑΣ (ΡΑΕ);https://diavgeia.gov.gr/f/rae
ΡΥΘΜΙΣΤΙΚΗ ΑΡΧΗ ΣΙΔΗΡΟΔΡΟΜΩΝ (ΡΑΣ);https://diavgeia.gov.gr/f/ras
ΣΥΝΗΓΟΡΟΣ ΤΟΥ ΚΑΤΑΝΑΛΩΤΗ;https://diavgeia.gov.gr/f/synigoroskatanaloti
ΣΥΝΗΓΟΡΟΣ ΤΟΥ ΠΟΛΙΤΗ;https://diavgeia.gov.gr/f/synigoros
I.M. ΗΛΕΙΑΣ ΚΑΙ ΩΛΕΝΗΣ;https://diavgeia.gov.gr/f/imilias
I.M. ΚΑΙΣΑΡΙΑΝΗΣ, ΒΥΡΩΝΟΣ ΚΑΙ ΥΜΗΤΤΟΥ;https://diavgeia.gov.gr/f/imkaisarianis
«ΕΤΑΙΡΕΙΑ ΑΞΙΟΠΟΙΗΣΗΣ & ΔΙΑΧΕΙΡΙΣΗΣ ΠΕΡΙΟΥΣΙΑΣ ΤΟΥ ΔΗΜΟΚΡΙΤΕΙΟΥ ΠΑΝΕΠΙΣΤΗΜΙΟΥ ΘΡΑΚΗΣ» (Α.Ε.);https://diavgeia.gov.gr/f/eadp_duth
ΑΙΓΙΝΗΤΕΙΟ ΝΟΣΟΚΟΜΕΙΟ;https://diavgeia.gov.gr/f/eginitio
ΑΚΑΔΗΜΙΑ ΑΘΗΝΩΝ;https://diavgeia.gov.gr/f/acadimia_athinon
ΑΛΕΞΑΝΔΡΕΙΟ ΤΕΧΝΟΛΟΓΙΚΟ ΕΚΠΑΙΔΕΥΤΙΚΟ ΙΔΡΥΜΑ ΘΕΣΣΑΛΟΝΙΚΗΣ (ΑΤΕΙ ΘΕΣΣΑΛΟΝΙΚΗΣ);https://diavgeia.gov.gr/f/teithe
ΑΝΩΝΥΜΗ ΕΤΑΙΡΕΙΑ ΒΙΟΜΗΧΑΝΙΚΗΣ ΕΡΕΥΝΑΣ ΚΑΙ ΤΕΧΝΟΛΟΓΙΚΗΣ ΑΝΑΠΤΥΞΗΣ ΒΙΟΜΗΧΑΝΙΑΣ ΤΡΟΦΙΜΩΝ;https://diavgeia.gov.gr/f/etat
ΑΝΩΤΑΤΗ ΕΚΚΛΗΣΙΑΣΤΙΚΗ ΑΚΑΔΗΜΙΑ ΘΕΣΣΑΛΟΝΙΚΗΣ;https://diavgeia.gov.gr/f/aeath
ΑΝΩΤΑΤΗ ΕΚΚΛΗΣΙΑΣΤΙΚΗ ΑΚΑΔΗΜΙΑ ΑΘΗΝΩΝ;https://diavgeia.gov.gr/f/aeaa
ΑΝΩΤΑΤΗ ΕΚΚΛΗΣΙΑΣΤΙΚΗ ΑΚΑΔΗΜΙΑ ΒΕΛΛΑΣ;https://diavgeia.gov.gr/f/aeavellas
ΑΝΩΤΑΤΗ ΣΧΟΛΗ ΚΑΛΩΝ ΤΕΧΝΩΝ;https://diavgeia.gov.gr/f/asfa
ΑΡΕΤΑΙΕΙΟ ΝΟΣΟΚΟΜΕΙΟ;https://diavgeia.gov.gr/f/aretaieio
ΑΡΙΣΤΟΤΕΛΕΙΟ ΠΑΝΕΠΙΣΤΗΜΙΟ ΘΕΣ/ΝΙΚΗΣ;https://diavgeia.gov.gr/f/auth
ΑΡΧΗ ΔΙΑΣΦΑΛΙΣΗΣ ΤΗΣ ΠΟΙΟΤΗΤΑΣ ΣΤΗΝ ΑΝΩΤΑΤΗ ΕΚΠΑΙΔΕΥΣΗ (ΑΔΙΠ);https://diavgeia.gov.gr/f/adip
ΑΣΠΑΙΤΕ;https://diavgeia.gov.gr/f/aspete
ΓΕΩΠΟΝΙΚΟ ΠΑΝΕΠΙΣΤΗΜΙΟ ΑΘΗΝΩΝ;https://diavgeia.gov.gr/f/aua
ΔΗΜΟΚΡΙΤΕΙΟ ΠΑΝΕΠΙΣΤΗΜΙΟ ΘΡΑΚΗΣ;https://diavgeia.gov.gr/f/duth
ΔΗΜΟΣΙΑ ΒΙΒΛΙΟΘΗΚΗ ΒΕΡΟΙΑΣ (ΚΕΝΤΡΙΚΗ);https://diavgeia.gov.gr/f/libver
ΔΗΜΟΣΙΑ ΒΙΒΛΙΟΘΗΚΗ ΒΥΤΙΝΑΣ;https://diavgeia.gov.gr/f/vytina
ΔΗΜΟΣΙΑ ΒΙΒΛΙΟΘΗΚΗ ΔΕΛΦΩΝ;https://diavgeia.gov.gr/f/vivl-delphi
ΔΗΜΟΣΙΑ ΒΙΒΛΙΟΘΗΚΗ ΔΡΑΜΑΣ (ΚΕΝΤΡΙΚΗ);https://diavgeia.gov.gr/f/dimosiakentrikibibliothikidramas
ΔΗΜΟΣΙΑ ΒΙΒΛΙΟΘΗΚΗ ΚΟΝΙΤΣΑΣ (ΚΕΝΤΡΙΚΗ);https://diavgeia.gov.gr/f/vivlkonitsas
ΔΗΜΟΣΙΑ ΒΙΒΛΙΟΘΗΚΗ ΚΟΡΓΙΑΛΕΝΕΙΟΣ ΒΙΒΛΙΟΘΗΚΗ ΑΡΓΟΣΤΟΛΙΟΥ [Ν.Π.Ι.Δ.];https://diavgeia.gov.gr/f/corgialenios
ΔΗΜΟΣΙΑ ΒΙΒΛΙΟΘΗΚΗ ΛΑΜΙΑΣ (ΚΕΝΤΡΙΚΗ);https://diavgeia.gov.gr/f/lamialib
ΔΗΜΟΣΙΑ ΒΙΒΛΙΟΘΗΚΗ ΛΑΡΙΣΑΣ (ΚΕΝΤΡΙΚΗ);https://diavgeia.gov.gr/f/dkblkk
ΔΗΜΟΣΙΑ ΒΙΒΛΙΟΘΗΚΗ ΛΙΒΑΔΕΙΑΣ (ΚΕΝΤΡΙΚΗ);https://diavgeia.gov.gr/f/liblivadia
ΔΗΜΟΣΙΑ ΒΙΒΛΙΟΘΗΚΗ ΜΗΘΥΜΝΑΣ;https://diavgeia.gov.gr/f/plmithymna
ΔΗΜΟΣΙΑ ΒΙΒΛΙΟΘΗΚΗ ΜΟΛΑΩΝ;https://diavgeia.gov.gr/f/roumaneios
ΔΗΜΟΣΙΑ ΒΙΒΛΙΟΘΗΚΗ ΜΥΤΙΛΗΝΗΣ (ΚΕΝΤΡΙΚΗ);https://diavgeia.gov.gr/f/cplmytilene
ΔΗΜΟΣΙΑ ΒΙΒΛΙΟΘΗΚΗ ΝΑΥΠΑΚΤΟΥ (ΚΕΝΤΡΙΚΗ);https://diavgeia.gov.gr/f/VIVL-NAFPAKTOU
ΔΗΜΟΣΙΑ ΒΙΒΛΙΟΘΗΚΗ ΠΥΡΓΟΥ (ΚΕΝΤΡΙΚΗ);https://diavgeia.gov.gr/f/dimosiakentrikivivliothikipyrgou
ΔΗΜΟΣΙΑ ΒΙΒΛΙΟΘΗΚΗ ΡΕΘΥΜΝΟΥ (ΚΕΝΤΡΙΚΗ);https://diavgeia.gov.gr/f/dkbr_npdd
ΔΗΜΟΣΙΑ ΒΙΒΛΙΟΘΗΚΗ ΣΑΜΟΥ (ΚΕΝΤΡΙΚΗ);https://diavgeia.gov.gr/f/bibl_samos
ΔΗΜΟΣΙΑ ΒΙΒΛΙΟΘΗΚΗ ΣΕΡΡΩΝ (ΚΕΝΤΡΙΚΗ);https://diavgeia.gov.gr/f/serrelib
ΔΗΜΟΣΙΑ ΒΙΒΛΙΟΘΗΚΗ ΤΡΙΠΟΛΗΣ (ΚΕΝΤΡΙΚΗ);https://diavgeia.gov.gr/f/vivltrip
ΔΗΜΟΣΙΑ ΚΕΝΤΡΙΚΗ ΒΙΒΛΙΟΘΗΚΗ ΓΡΕΒΕΝΩΝ;https://diavgeia.gov.gr/f/biblgrevena
ΔΗΜΟΣΙΟ ΠΡΟΤΥΠΟ ΠΑΙΔΙΚΟ ΓΥΜΝΑΣΤΗΡΙΟ ΚΑΙΣΑΡΙΑΝΗΣ;https://diavgeia.gov.gr/f/dppgkaisarianis
ΔΙΕΘΝΕΣ ΠΑΝΕΠΙΣΤΗΜΙΟ ΕΛΛΑΔΟΣ;https://diavgeia.gov.gr/f/ihun
ΔΙΕΠΙΣΤΗΜΟΝΙΚΟΣ ΟΡΓΑΝΙΣΜΟΣ ΑΝΑΓΝΩΡΙΣΗΣ ΤΙΤΛΩΝ ΑΚΑΔΗΜΑΙΚΩΝ ΚΑΙ ΠΛΗΡΟΦΟΡΗΣΗΣ (Δ.Ο.Α.Τ.Α.Π.);https://diavgeia.gov.gr/f/doatap
Ε.Π.Ι. «ΝΕΥΡΟΧΕΙΡΟΥΡΓΙΚΟ» ΠΑΝΕΠΙΣΤΗΜΙΟΥ ΙΩΑΝΝΙΝΩΝ;https://diavgeia.gov.gr/f/neurosurgical
Ε.Π.Ι. ΕΦΗΡΜΟΣΜΕΝΗΣ ΕΠΙΚΟΙΝΩΝΙΑΣ - ΠΑΝ/ΜΙΟ ΑΘΗΝΩΝ;https://diavgeia.gov.gr/f/epiee_uoa
Ε.Π.Ι. ΦΥΣΙΚΗΣ ΤΟΥ ΣΤΕΡΕΟΥ ΦΛΟΙΟΥ ΤΗΣ ΓΗΣ ΠΑΝ/ΜΙΟ ΑΘΗΝΩΝ;https://diavgeia.gov.gr/f/sepi
Ε.Π.Ι. ΨΥΧΙΚΗΣ ΥΓΙΕΙΝΗΣ - ΠΑΝ/ΜΙΟ ΑΘΗΝΩΝ;https://diavgeia.gov.gr/f/epipsi
ΕΘΝ. ΔΙΚΤΥΟ ΕΡΕΥΝΑΣ & ΤΕΧΝΟΛΟΓΙΑΣ (ΕΔΕΤ);https://diavgeia.gov.gr/f/edet
ΕΘΝ. ΚΕΝΤΡΟ ΕΡΕΥΝΑΣ & ΤΕΧΝΟΛ. ΑΝΑΠΤ. (ΕΚΕΤΑ);https://diavgeia.gov.gr/f/certh
ΕΘΝΙΚΟ & ΚΑΠΟΔΙΣΤΡΙΑΚΟ ΠΑΝΕΠΙΣΤΗΜΙΟ ΑΘΗΝΩΝ;https://diavgeia.gov.gr/f/uoa
ΕΘΝΙΚΟ ΙΔΡΥΜΑ ΕΡΕΥΝΩΝ;https://diavgeia.gov.gr/f/eie
ΕΘΝΙΚΟ ΚΕΝΤΡΟ ΕΠΑΓΓΕΛΜΑΤΙΚΟΥ ΠΡΟΣΑΝΑΤΟΛΙΣΜΟΥ;https://diavgeia.gov.gr/f/ekep
ΕΘΝΙΚΟ ΚΕΝΤΡΟ ΚΟΙΝΩΝΙΚΩΝ ΕΡΕΥΝΩΝ (ΕΚΚΕ);https://diavgeia.gov.gr/f/ekke
ΕΘΝΙΚΟ ΚΕΝΤΡΟ ΠΙΣΤΟΠΟΙΗΣΗΣ ΔΟΜΩΝ ΔΙΑ ΒΙΟΥ ΜΑΘΗΣΗΣ;https://diavgeia.gov.gr/f/ekepis
ΕΘΝΙΚΟ ΜΕΤΣΟΒΙΟ ΠΟΛΥΤΕΧΝΕΙΟ;https://diavgeia.gov.gr/f/ntua
ΕΘΝΙΚΟΣ ΟΡΓΑΝΙΣΜΟΣ ΠΙΣΤΟΠΟΙΗΣΗΣ ΠΡΟΣΟΝΤΩΝ ΚΑΙ ΕΠΑΓΓΕΛΜΑΤΙΚΟΥ ΠΡΟΣΑΝΑΤΟΛΙΣΜΟΥ (Ε.Ο.Π.Π.Ε.Π);https://diavgeia.gov.gr/f/EOPP
ΕΚΕΦΕ ΔΗΜΟΚΡΙΤΟΣ;https://diavgeia.gov.gr/f/ekefedemokritos
ΕΚΚΛΗΣΙΑ ΤΗΣ ΕΛΛΑΔΟΣ;https://diavgeia.gov.gr/f/ekklisiaellados
ΕΛΛΗΝΙΚΗ ΕΠΙΤΡΟΠΗ ΑΤΟΜΙΚΗΣ ΕΝΕΡΓΕΙΑΣ;https://diavgeia.gov.gr/f/eeae
ΕΛΛΗΝΙΚΟ ΑΝΟΙΚΤΟ ΠΑΝΕΠΙΣΤΗΜΙΟ;https://diavgeia.gov.gr/f/eap
ΕΛΛΗΝΙΚΟ ΙΔΡΥΜΑ ΒΑΣΙΚΗΣ ΒΙΟΛΟΓΙΚΗΣ ΕΡΕΥΝΑΣ ΑΛΕΞΑΝΔΡΟΣ ΦΛΕΜΙΓΚ;https://diavgeia.gov.gr/f/EIVVEALF
ΕΛΛΗΝΙΚΟ ΚΕΝΤΡΟ ΘΑΛΑΣΣΙΩΝ ΕΡΕΥΝΩΝ (ΕΛ.ΚΕ.Θ.Ε.);https://diavgeia.gov.gr/f/hcmr
ΕΠΙΣΤΗΜΟΝΙΚΟ ΠΑΡΚΟ ΠΑΤΡΩΝ Α.Ε.;https://diavgeia.gov.gr/f/psp
ΕΡΕΥΝ. ΚΕΝΤΡΟ ΒΙΟΙΑΤΡ.ΕΠΙΣΤΗΜΩΝ 'Α. ΦΛΕΜΙΓΚ';https://diavgeia.gov.gr/f/fleming
ΕΡΕΥΝΗΤΙΚΟ ΚΕΝΤΡΟ ΚΑΙΝΟΤΟΜΙΑΣ ΣΤΙΣ ΤΕΧΝΟΛΟΓΙΕΣ ΤΗΣ ΠΛΗΡΟΦΟΡΙΑΣ, ΤΩΝ ΕΠΙΚΟΙΝΩΝΙΩΝ ΚΑΙ ΤΗΣ ΓΝΩΣΗΣ - «ΑΘΗΝΑ»;https://diavgeia.gov.gr/f/athenarc
ΕΡΕΥΝΗΤΙΚΟ ΠΑΝΕΠΙΣΤΗΜΙΑΚΟ ΙΝΣΤΙΤΟΥΤΟ ΘΕΩΡΗΤΙΚΗΣ ΚΑΙ ΥΠΟΛΟΓΙΣΤΙΚΗΣ ΦΥΣΙΚΗΣ;https://diavgeia.gov.gr/f/itcp_uoc
ΕΡΕΥΝΗΤΙΚΟ ΠΑΝΕΠΙΣΤΗΜΙΑΚΟ ΙΝΣΤΙΤΟΥΤΟ ΣΥΣΤΗΜΑΤΩΝ ΕΠΙΚΟΙΝΩΝΙΩΝ ΚΑΙ ΥΠΟΛΟΓΙΣΤΩΝ (ΕΠΙΣΕΥ);https://diavgeia.gov.gr/f/50166
ΕΤΑΙΡΕΙΑ ΤΕΧΝ. ΑΝ. ΚΕΡΑΜΙΚΩΝ ΚΑΙ ΠΥΡΙΜΑΧΩΝ (ΕΚΕΠΥ);https://diavgeia.gov.gr/f/cereco
ΖΩΣΙΜΑΙΑ ΔΗΜΟΣΙΑ ΚΕΝΤΡΙΚΗ ΙΣΤΟΡΙΚΗ ΒΙΒΛΙΟΘΗΚΗ ΙΩΑΝΝΙΝΩΝ;https://diavgeia.gov.gr/f/zosimaia_library
ΙΔΡΥΜΑ ΙΑΤΡΟΒΙΟΛΟΓΙΚΩΝ ΕΡΕΥΝΩΝ ΤΗΣ ΑΚΑΔΗΜΙΑΣ ΑΘΗΝΩΝ (ΙΙΒΕΑΑ);https://diavgeia.gov.gr/f/iibeaa
ΙΔΡΥΜΑ ΝΕΟΛΑΙΑΣ ΚΑΙ ΔΙΑ ΒΙΟΥ ΜΑΘΗΣΗΣ;https://diavgeia.gov.gr/f/INEDIVIM
ΙΔΡΥΜΑ ΤΕΧΝΟΛΟΓΙΑΣ ΚΑΙ ΕΡΕΥΝΑΣ (ΙΤΕ);https://diavgeia.gov.gr/f/FORTH
ΙΕΡΑ ΑΡΧΙΕΠΙΣΚΟΠΗ ΑΘΗΝΩΝ;https://diavgeia.gov.gr/f/iaath
ΙΕΡΑ ΑΡΧΙΕΠΙΣΚΟΠΗ ΚΡΗΤΗΣ;https://diavgeia.gov.gr/f/EKKLISIAKRITIS
ΙΕΡΑ ΕΠΑΡΧΙΑΚΗ ΣΥΝΟΔΟΣ ΤΗΣ ΕΚΚΛΗΣΙΑΣ ΚΡΗΤΗΣ;https://diavgeia.gov.gr/f/I.M.V.N.K.
ΙΝΣΤΙΤΟΥΤΟ ΤΕΧΝΟΛΟΓΙΑΣ ΥΠΟΛΟΓΙΣΤΩΝ ΚΑΙ ΕΚΔΟΣΕΩΝ «ΔΙΟΦΑΝΤΟΣ»;https://diavgeia.gov.gr/f/eaity
ΚΕΝΤΡΟ ΔΙΑΔΟΣΗΣ ΕΠΙΣΤΗΜΩΝ ΚΑΙ ΜΟΥΣΕΙΟ ΤΕΧΝΟΛΟΓΙΑΣ;https://diavgeia.gov.gr/f/noesis
ΚΕΝΤΡΟ ΕΚΠΑΙΔΕΥΤΙΚΗΣ ΕΡΕΥΝΑΣ (Κ.Ε.Ε.);https://diavgeia.gov.gr/f/kee
ΚΕΝΤΡΟ ΕΛΛΗΝΙΚΗΣ ΓΛΩΣΣΑΣ;https://diavgeia.gov.gr/f/k.el.g.
ΚΕΝΤΡΟ ΕΡΕΥΝΑΣ ΤΕΧΝΟΛΟΓΙΑΣ ΚΑΙ ΑΝΑΠΤΥΞΗΣ ΘΕΣΣΑΛΙΑΣ (Κ.Ε.ΤΕ.Α.Θ.);https://diavgeia.gov.gr/f/cereteth
ΚΕΝΤΡΟ ΠΕΡΙΒΑΛΛΟΝΤΙΚΗΣ ΕΚΠΑΙΔΕΥΣΗΣ ΒΙΣΤΩΝΙΔΑΣ;https://diavgeia.gov.gr/f/kpe_vistonidas
ΚΕΝΤΡΟ ΠΕΡΙΒΑΛΛΟΝΤΙΚΗΣ ΕΚΠΑΙΔΕΥΣΗΣ ΦΙΛΙΠΠΩΝ;https://diavgeia.gov.gr/f/kpefilippon
ΚΕΝΤΡΟ ΤΕΧΝΟΛΟΓΙΚΗΣ ΕΡΕΥΝΑΣ (Κ.Τ.Ε.) ΚΡΗΤΗΣ, Τ.Ε.Ι. ΚΡΗΤΗΣ;https://diavgeia.gov.gr/f/ctrcrete
ΚΕΝΤΡΟ ΤΕΧΝΟΛΟΓΙΚΗΣ ΕΡΕΥΝΑΣ (Κ.Τ.Ε.) ΣΕΡΡΩΝ, Τ.Ε.Ι. ΣΕΡΡΩΝ;https://diavgeia.gov.gr/f/kte_serron
ΚΕΝΤΡΟ ΤΕΧΝΟΛΟΓΙΚΗΣ ΕΡΕΥΝΑΣ (Κ.Τ.Ε.) ΣΤΕΡΕΑΣ ΕΛΛΑΔΑΣ, Τ.Ε.Ι. ΛΑΜΙΑΣ;https://diavgeia.gov.gr/f/ktectr
ΟΙΚΟΝΟΜΙΚΟ ΠΑΝΕΠΙΣΤΗΜΙΟ ΑΘΗΝΩΝ;https://diavgeia.gov.gr/f/aueb
ΟΡΓΑΝΙΣΜΟΣ ΔΙΟΙΚΗΣΕΩΣ ΜΟΝΑΣΤΗΡΙΑΚΗΣ ΠΕΡΙΟΥΣΙΑΣ (Ο.Δ.Μ.Π.) ΝΟΜΟΥ ΗΡΑΚΛΕΙΟΥ;https://diavgeia.gov.gr/f/odmpni
ΟΡΓΑΝΙΣΜΟΣ ΔΙΟΙΚΗΣΕΩΣ ΜΟΝΑΣΤΗΡΙΑΚΗΣ ΠΕΡΙΟΥΣΙΑΣ (Ο.Δ.Μ.Π.) ΝΟΜΟΥ ΛΑΣΙΘΙΟΥ;https://diavgeia.gov.gr/f/odmpnl
ΟΡΓΑΝΙΣΜΟΣ ΔΙΟΙΚΗΣΕΩΣ ΜΟΝΑΣΤΗΡΙΑΚΗΣ ΠΕΡΙΟΥΣΙΑΣ (Ο.Δ.Μ.Π.) ΝΟΜΟΥ ΡΕΘΥΜΝΗΣ;https://diavgeia.gov.gr/f/odmpnrethimnis
ΟΡΓΑΝΙΣΜΟΣ ΔΙΟΙΚΗΣΕΩΣ ΜΟΝΑΣΤΗΡΙΑΚΗΣ ΠΕΡΙΟΥΣΙΑΣ (Ο.Δ.Μ.Π.) ΝΟΜΟΥ ΧΑΝΙΩΝ;https://diavgeia.gov.gr/f/odmpchania
ΟΡΓΑΝΙΣΜΟΣ ΕΠΑΓΓΕΛ. ΕΚΠΑΙΔΕΥΣΗΣ & ΚΑΤΑΡΤΙΣΗΣ (ΟΕΕΚ);https://diavgeia.gov.gr/f/oeek
ΟΡΓΑΝΙΣΜΟΣ ΕΠΙΜΟΡΦΩΣΗΣ ΕΚΠΑΙΔΕΥΤΙΚΩΝ (Ο.ΕΠ.ΕΚ.);https://diavgeia.gov.gr/f/oepek
ΠΑΝΕΛΛΗΝΙΟ ΙΕΡΟ ΙΔΡΥΜΑ ΕΥΑΓΓΕΛΙΣΤΡΙΑΣ ΤΗΝΟΥ;https://diavgeia.gov.gr/f/panagiatinou
ΠΑΝΕΠΙΣΤΗΜΙΑΚΗ ΦΟΙΤΗΤΙΚΗ ΛΕΣΧΗ Α.Π.Θ.;https://diavgeia.gov.gr/f/pfl_auth
ΠΑΝΕΠΙΣΤΗΜΙΟ ΑΙΓΑΙΟΥ;https://diavgeia.gov.gr/f/aegean
ΠΑΝΕΠΙΣΤΗΜΙΟ ΔΥΤΙΚΗΣ ΜΑΚΕΔΟΝΙΑΣ;https://diavgeia.gov.gr/f/uowm
ΠΑΝΕΠΙΣΤΗΜΙΟ ΘΕΣΣΑΛΙΑΣ;https://diavgeia.gov.gr/f/uth
ΠΑΝΕΠΙΣΤΗΜΙΟ ΙΩΑΝΝΙΝΩΝ;https://diavgeia.gov.gr/f/uoi
ΠΑΝΕΠΙΣΤΗΜΙΟ ΚΡΗΤΗΣ;https://diavgeia.gov.gr/f/uoc
ΠΑΝΕΠΙΣΤΗΜΙΟ ΜΑΚΕΔΟΝΙΑΣ;https://diavgeia.gov.gr/f/pamak
ΠΑΝΕΠΙΣΤΗΜΙΟ ΠΑΤΡΩΝ;https://diavgeia.gov.gr/f/upatras
ΠΑΝΕΠΙΣΤΗΜΙΟ ΠΕΙΡΑΙΩΣ;https://diavgeia.gov.gr/f/unipi
ΠΑΝΕΠΙΣΤΗΜΙΟ ΠΕΛΟΠΟΝΝΗΣΟΥ;https://diavgeia.gov.gr/f/uop
ΠΑΝΤΕΙΟ ΠΑΝΕΠΙΣΤΗΜΙΟ ΚΟΙΝΩΝΙΚΩΝ & ΠΟΛΙΤΙΚΩΝ ΕΠΙΣΤΗΜΩΝ;https://diavgeia.gov.gr/f/panteion
ΠΑΤΡΙΑΡΧΙΚΗ ΑΝΩΤΑΤΗ ΕΚΚΛΗΣΙΑΣΤΙΚΗ ΑΚΑΔΗΜΙΑ ΚΡΗΤΗΣ;https://diavgeia.gov.gr/f/paeak
ΠΟΛΥΤΕΧΝΕΙΟ ΚΡΗΤΗΣ;https://diavgeia.gov.gr/f/TUCRETE
ΣΙΒΙΤΑΝΙΔΕΙΟΣ ΔΗΜΟΣΙΑ ΣΧΟΛΗ ΤΕΧΝΩΝ ΚΑΙ ΕΠΑΓΓΕΛΜΑΤΩΝ;https://diavgeia.gov.gr/f/sivitanidios
ΤΑΜΕΙΟ ΔΙΟΙΚΗΣΗΣ ΔΙΑΧΕΙΡΗΣΗΣ ΠΑΝΕΠΙΣΤΗΜΙΑΚΩΝ ΔΑΣΩΝ;https://diavgeia.gov.gr/f/TDDP-Daswn
ΤΕΙ ΑΘΗΝΑΣ;https://diavgeia.gov.gr/f/teiath
ΤΕΙ ΑΝΑΤΟΛΙΚΗΣ ΜΑΚΕΔΟΝΙΑΣ ΚΑΙ ΘΡΑΚΗΣ;https://diavgeia.gov.gr/f/teikav
ΤΕΙ ΔΥΤΙΚΗΣ ΕΛΛΑΔΑΣ;https://diavgeia.gov.gr/f/tei_patras
ΤΕΙ ΗΠΕΙΡΟΥ;https://diavgeia.gov.gr/f/teiep
ΤΕΙ ΘΕΣΣΑΛΙΑΣ;https://diavgeia.gov.gr/f/teilarissas
ΤΕΙ ΙΟΝΙΩΝ ΝΗΣΩΝ;https://diavgeia.gov.gr/f/teiion
ΤΕΙ ΚΡΗΤΗΣ;https://diavgeia.gov.gr/f/teicrete
ΤΕΙ ΛΑΜΙΑΣ;https://diavgeia.gov.gr/f/teilamias
ΤΕΙ ΜΕΣΟΛΟΓΓΙΟΥ;https://diavgeia.gov.gr/f/teimes
ΤΕΙ ΠΕΙΡΑΙΑ;https://diavgeia.gov.gr/f/teipir
ΤΕΙ ΠΕΛΟΠΟΝΝΗΣΟΥ;https://diavgeia.gov.gr/f/teikal
ΤΕΙ ΧΑΛΚΙΔΑΣ;https://diavgeia.gov.gr/f/teihal
ΤΕΧΝΟΛΟΓΙΚΟ ΕΚΠΑΙΔΕΥΤΙΚΟ ΙΔΡΥΜΑ ΚΕΝΤΡΙΚΗΣ ΜΑΚΕΔΟΝΙΑΣ;https://diavgeia.gov.gr/f/teiser
ΧΑΡΟΚΟΠΕΙΟ ΠΑΝΕΠΙΣΤΗΜΙΟ;https://diavgeia.gov.gr/f/HUA
ΓΕΩΤΕΧΝΙΚΟ ΕΠΙΜΕΛΗΤΗΡΙΟ ΕΛΛΑΔΑΣ;https://diavgeia.gov.gr/f/geotee
ΓΟΕΒ ΠΕΔΙΑΔΩΝ ΘΕΣΣΑΛΟΝΙΚΗΣ-ΛΑΓΚΑΔΑ;https://diavgeia.gov.gr/f/goev_pt_l
ΕΘΝΙΚΗ ΕΠΙΤΡΟΠΗ ΓΑΛΑΚΤΟΣ;https://diavgeia.gov.gr/f/eege
ΕΘΝΙΚΟ ΙΔΡΥΜΑ ΑΓΡΟΤΙΚΗΣ ΕΡΕΥΝΑΣ (ΕΘΙΑΓΕ);https://diavgeia.gov.gr/f/nagref
ΕΛΛΗΝΙΚΟΣ ΓΕΩΡΓΙΚΟΣ ΟΡΓΑΝΙΣΜΟΣ-ΔΗΜΗΤΡΑ;https://diavgeia.gov.gr/f/elgo
ΕΛΛΗΝΙΚΟΣ ΟΡΓΑΝΙΣΜΟΣ ΓΑΛΑΚΤΟΣ (ΕΛΟΓ);https://diavgeia.gov.gr/f/elogak
ΕΝΙΑΙΟΣ ΦΟΡΕΑΣ ΕΛΕΓΧΟΥ ΤΡΟΦΙΜΩΝ (Ε.Φ.Ε.Τ. );https://diavgeia.gov.gr/f/efet
ΙΝΣΤΙΤΟΥΤΟ ΓΕΩΠΟΝΙΚΩΝ ΕΠΙΣΤΗΜΩΝ;https://diavgeia.gov.gr/f/N.P.D.D.
ΚΕΝΤΡΙΚΟ ΤΑΜΕΙΟ ΓΕΩΡΓΙΑΣ ΚΤΗΝΟΤΡΟΦΙΑΣ K ΔΑΣΩΝ;https://diavgeia.gov.gr/f/keppyel
ΚΟΝΙΑΡΕΙΟ ΙΝΣΤΙΤΟΥΤΟ ΕΣΠΕΡΙΔΟΕΙΔΩΝ ΚΟΡΙΝΘΙΑΣ;https://diavgeia.gov.gr/f/kiek
ΟΓΕΕΚΑ 'ΔΗΜΗΤΡΑ';https://diavgeia.gov.gr/f/ogeeka
ΟΡΓΑΝΙΣΜΟΣ ΕΛΛ. ΓΕΩΡΓΙΚΩΝ ΑΣΦΑΛΙΣΕΩΝ (ΕΛ.Γ.Α.);https://diavgeia.gov.gr/f/elga
ΟΡΓΑΝΙΣΜΟΣ ΠΙΣΤΟΠΟΙΗΣΗΣ ΚΑΙ ΕΠΙΒΛΕΨΗΣ ΓΕΩΡΓΙΚΩΝ ΠΡΟΙΟΝΤΩΝ;https://diavgeia.gov.gr/f/agrocert
ΟΡΓΑΝΙΣΜΟΣ ΠΛΗΡΩΜΩΝ ΚΑΙ ΕΛΕΓΧΟΥ ΚΟΙΝΟΤΙΚΩΝ ΕΝΙΣΧΥΣΕΩΝ ΠΡΟΣ/ΣΜΟΥ ΚΑΙ ΕΓΓΥΗΣΕΩΝ (ΟΠΕΚΕΠΕ);https://diavgeia.gov.gr/f/opekepe
ΑΓΡΟΤΙΚΗ ΦΥΛΑΚΗ ΑΓΙΑΣ;https://diavgeia.gov.gr/f/agrotikokk_agias
ΑΓΡΟΤΙΚΗ ΦΥΛΑΚΗ ΚΑΣΣΑΝΔΡΑΣ;https://diavgeia.gov.gr/f/agkkkassandras
ΑΝΩΤΑΤΟ ΕΙΔΙΚΟ ΔΙΚΑΣΤΗΡΙΟ (ΑΕΔ);https://diavgeia.gov.gr/f/aed
ΑΡΕΙΟΣ ΠΑΓΟΣ (ΑΠ);https://diavgeia.gov.gr/f/areios_pagos
ΑΣΚΑ ΚΑΣΣΑΒΕΤΕΙΑΣ;https://diavgeia.gov.gr/f/kassaveteia
ΓΕΝΙΚΗ ΕΠΙΤΡΟΠΕΙΑ ΤΗΣ ΕΠΙΚΡΑΤΕΙΑΣ ΤΩΝ ΤΑΚΤΙΚΩΝ ΔΙΟΙΚΗΤΙΚΩΝ ΔΙΚΑΣΤΗΡΙΩΝ;https://diavgeia.gov.gr/f/gkkg
ΓΕΝΙΚΟ ΚΑΤΑΣΤΗΜΑ ΚΡΑΤΗΣΗΣ ΔΟΜΟΚΟΥ;https://diavgeia.gov.gr/f/kkdomokou
ΓΕΝΙΚΟ ΚΑΤΑΣΤΗΜΑ ΚΡΑΤΗΣΗΣ ΘΕΣΣΑΛΟΝΙΚΗΣ;https://diavgeia.gov.gr/f/katastima_kratisis_thessalonikis
ΔΙΕΥΘΥΝΣΗ ΕΠΙΜΕΛΗΤΩΝ ΑΝΗΛΙΚΩΝ ΚΑΙ ΚΟΙΝΩΝΙΚΗΣ ΑΡΩΓΗΣ ΑΘΗΝΩΝ;https://diavgeia.gov.gr/f/ypeakaa
ΔΙΚΑΣΤIΚΗ ΦΥΛΑΚΗ  ΤΡΙΠΟΛΗΣ;https://diavgeia.gov.gr/f/katkrat_tripolis
ΔΙΚΑΣΤΗΡΙΟ ΑΝΗΛΙΚΩΝ ΑΛΕΞΑΝΔΡΟΥΠΟΛΗΣ - ΥΠΗΡΕΣΙΑ ΕΠΙΜΕΛΗΤΩΝ ΑΝΗΛΙΚΩΝ;https://diavgeia.gov.gr/f/dikanilalexpolis
ΔΙΚΑΣΤΗΡΙΟ ΑΝΗΛΙΚΩΝ ΟΡΕΣΤΙΑΔΑΣ;https://diavgeia.gov.gr/f/DIKANORESTIADAS
ΔΙΟΙΚΗΤΙΚΟ ΕΦΕΤΕΙΟ ΘΕΣΣΑΛΟΝΙΚΗΣ;https://diavgeia.gov.gr/f/DEFTH
ΔΙΟΙΚΗΤΙΚΟ ΕΦΕΤΕΙΟ ΑΘΗΝΑΣ;https://diavgeia.gov.gr/f/defeteio-ath
ΔΙΟΙΚΗΤΙΚΟ ΕΦΕΤΕΙΟ ΠΑΤΡΩΝ;https://diavgeia.gov.gr/f/defpatrwn
ΔΙΟΙΚΗΤΙΚΟ ΕΦΕΤΕΙΟ ΠΕΙΡΑΙΑ;https://diavgeia.gov.gr/f/defeteiopeiraia
ΔΙΟΙΚΗΤΙΚΟ ΕΦΕΤΕΙΟ ΤΡΙΠΟΛΕΩΣ;https://diavgeia.gov.gr/f/deftripolis
ΔΙΟΙΚΗΤΙΚΟ ΠΡΩΤΟΔΙΚΕΙΟ ΑΛΕΞΑΝΔΡΟΥΠΟΛΗΣ;https://diavgeia.gov.gr/f/dprotodikeio-ale
ΔΙΟΙΚΗΤΙΚΟ ΠΡΩΤΟΔΙΚΕΙΟ ΒΕΡΟΙΑΣ;https://diavgeia.gov.gr/f/dprverias
ΔΙΟΙΚΗΤΙΚΟ ΠΡΩΤΟΔΙΚΕΙΟ ΒΟΛΟΥ;https://diavgeia.gov.gr/f/dprotvolou
ΔΙΟΙΚΗΤΙΚΟ ΠΡΩΤΟΔΙΚΕΙΟ ΗΡΑΚΛΕΙΟΥ;https://diavgeia.gov.gr/f/diproirak
ΔΙΟΙΚΗΤΙΚΟ ΠΡΩΤΟΔΙΚΕΙΟ ΘΕΣΣΑΛΟΝΙΚΗΣ;https://diavgeia.gov.gr/f/dprthe
ΔΙΟΙΚΗΤΙΚΟ ΠΡΩΤΟΔΙΚΕΙΟ ΙΩΑΝΝΙΝΩΝ;https://diavgeia.gov.gr/f/dprotioanninon
ΔΙΟΙΚΗΤΙΚΟ ΠΡΩΤΟΔΙΚΕΙΟ ΚΑΒΑΛΑΣ;https://diavgeia.gov.gr/f/dpkavalas
ΔΙΟΙΚΗΤΙΚΟ ΠΡΩΤΟΔΙΚΕΙΟ ΚΑΛΑΜΑΤΑΣ;https://diavgeia.gov.gr/f/dpkalamatas
ΔΙΟΙΚΗΤΙΚΟ ΠΡΩΤΟΔΙΚΕΙΟ ΚΟΡΙΝΘΟΥ;https://diavgeia.gov.gr/f/dprotkorinuou
ΔΙΟΙΚΗΤΙΚΟ ΠΡΩΤΟΔΙΚΕΙΟ ΛΑΡΙΣΑΣ;https://diavgeia.gov.gr/f/dprotodikeiolar
ΔΙΟΙΚΗΤΙΚΟ ΠΡΩΤΟΔΙΚΕΙΟ ΜΕΣΟΛΟΓΓΙΟΥ;https://diavgeia.gov.gr/f/dioikitikoprotodikeiomesologgiou
ΔΙΟΙΚΗΤΙΚΟ ΠΡΩΤΟΔΙΚΕΙΟ ΝΑΥΠΛΙΟΥ;https://diavgeia.gov.gr/f/dpnafpliou
ΔΙΟΙΚΗΤΙΚΟ ΠΡΩΤΟΔΙΚΕΙΟ ΡΟΔΟΥ;https://diavgeia.gov.gr/f/dp_rodou
ΔΙΟΙΚΗΤΙΚΟ ΠΡΩΤΟΔΙΚΕΙΟ ΤΡΙΚΑΛΩΝ;https://diavgeia.gov.gr/f/dprtrikal
ΔΙΟΙΚΗΤΙΚΟ ΠΡΩΤΟΔΙΚΕΙΟ ΧΑΛΚΙΔΑΣ;https://diavgeia.gov.gr/f/dprchalkida
ΔΙΟΙΚΗΤΙΚΟ ΠΡΩΤΟΔΙΚΕΙΟ ΧΑΝΙΩΝ;https://diavgeia.gov.gr/f/diprohan
ΕΘΝΙΚΗ ΣΧΟΛΗ ΔΙΚΑΣΤΙΚΩΝ ΛΕΙΤΟΥΡΓΩΝ;https://diavgeia.gov.gr/f/domokosfth
ΕΘΝΙΚΗ ΣΧΟΛΗ ΔΙΚΑΣΤΩΝ (Ε.Σ.ΔΙ.);https://diavgeia.gov.gr/f/esdi
ΕΙΔΙΚΟ ΚΑΤΑΣΤΗΜΑ ΚΡΑΤΗΣΗΣ ΝΕΩΝ ΑΥΛΩΝΑ;https://diavgeia.gov.gr/f/ekkna
ΕΙΔΙΚΟ ΚΑΤΑΣΤΗΜΑ ΚΡΑΤΗΣΗΣ ΝΕΩΝ ΒΟΛΟΥ;https://diavgeia.gov.gr/f/ekkn_volou